Station (alphabetical by borough),,Boro,2014,2015,2016,2017,2018,2019,2018-2019 Change,,2019 Rank
The Bronx,,,,,,,,,,,
"138 St-Grand Concourse (4,5)",1,Bx,"3,416","3,480","3,532","3,486","3,166","3,324",158,5.00%,357
"149 St-Grand Concourse (2,4,5)",,Bx,"14,576","14,465","14,460","14,063","13,081","12,960",-121,-0.90%,120
"161 St-Yankee Stadium (B,D,4)",,Bx,"27,541","27,020","26,947","26,674","26,034","25,642",-392,-1.50%,44
167 St (4),,Bx,"9,793","9,923","9,972","9,466","9,398","8,486",-912,-9.70%,184
"167 St (B,D)",2,Bx,"9,906","10,166","10,439","10,223","6,342","8,542","2,200",34.70%,183
170 St (4),,Bx,"9,403","9,507","9,514","8,910","8,140","7,926",-214,-2.60%,193
"170 St (B,D)",,Bx,"6,988","7,101","7,225","7,089","7,913","6,767","-1,146",-14.50%,226
"174 St (2,5)",,Bx,"7,599","7,619","7,690","7,466","6,751","6,644",-107,-1.60%,232
"174-175 Sts (B,D)",3,Bx,"5,301","5,312","5,519","5,475","3,221","4,869","1,648",51.10%,292
176 St (4),,Bx,"5,914","6,160","6,378","6,232","5,807","5,518",-289,-5.00%,271
"182-183 Sts (B,D)",,Bx,"4,813","5,020","5,177","4,990","4,752","4,773",21,0.40%,297
183 St (4),,Bx,"6,356","6,372","6,443","6,271","5,754","5,641",-113,-2.00%,267
"219 St (2,5)",,Bx,"3,544","3,529","3,423","3,439","3,335","3,232",-103,-3.10%,363
"225 St (2,5)",,Bx,"4,593","4,591","4,408","4,340","3,961","3,898",-63,-1.60%,332
231 St (1),,Bx,"9,372","9,596","9,749","9,774","10,287","9,658",-629,-6.10%,168
"233 St (2,5)",,Bx,"5,701","5,632","5,438","5,138","4,864","4,768",-96,-2.00%,298
238 St (1),4,Bx,"3,934","4,068","4,350","4,370","3,225","3,998",773,24.00%,329
3 Av-138 St (6),,Bx,"7,951","7,994","8,008","8,114","7,801","8,100",299,3.80%,189
"3 Av-149 St (2,5)",,Bx,"25,161","24,813","24,808","24,228","22,357","22,167",-190,-0.90%,58
"Allerton Av (2,5)",,Bx,"5,737","5,779","5,530","5,403","5,144","5,161",17,0.30%,283
Baychester Av (5),,Bx,"4,196","4,090","4,064","3,846","3,551","3,789",238,6.70%,336
"Bedford Park Blvd (B,D)",,Bx,"6,645","7,046","7,236","7,066","6,419","6,911",492,7.70%,223
Bedford Park Blvd-Lehman College (4),,Bx,"6,089","6,040","5,912","5,649","5,170","5,066",-104,-2.00%,285
"Bronx Park East (2,5)",,Bx,"3,005","2,868","2,785","2,676","2,498","2,526",28,1.10%,387
Brook Av (6),,Bx,"6,312","6,244","6,226","6,118","6,040","5,917",-123,-2.00%,255
Buhre Av (6),5,Bx,"2,155","2,237","3,568","3,701","3,744","3,898",154,4.10%,333
"Burke Av (2,5)",,Bx,"3,672","3,644","3,550","3,466","3,234","3,250",16,0.50%,359
Burnside Av (4),,Bx,"11,538","11,551","11,479","11,079","10,231","9,964",-267,-2.60%,164
Castle Hill Av (6),6,Bx,"4,938","7,174","6,895","6,756","6,483","6,435",-48,-0.70%,240
Cypress Av (6),,Bx,"3,984","3,974","4,099","3,972","3,651","3,462",-189,-5.20%,351
East 143 St-St Mary's St (6),,Bx,927,989,"1,043",953,"1,019","1,085",66,6.50%,416
East 149 St (6),,Bx,"4,619","4,647","4,861","4,899","4,842","4,821",-21,-0.40%,293
"East 180 St (2,5)",,Bx,"7,489","7,587","7,697","7,691","7,175","7,089",-86,-1.20%,216
Eastchester-Dyre Av (5),,Bx,"4,948","4,845","4,769","4,647","4,506","4,672",166,3.70%,303
Elder Av (6),,Bx,"6,496","6,543","6,642","6,605","6,323","6,371",48,0.80%,242
Fordham Rd (4),,Bx,"12,231","11,982","11,957","11,503","10,395","9,796",-599,-5.80%,166
"Fordham Rd (B,D)",,Bx,"12,363","12,145","12,208","12,054","11,361","11,587",226,2.00%,136
"Freeman St (2,5)",,Bx,"4,867","4,899","5,055","4,984","4,451","4,387",-64,-1.40%,316
"Gun Hill Rd (2,5)",,Bx,"7,752","7,790","7,714","7,639","6,930","7,022",92,1.30%,218
Gun Hill Rd (5),7,Bx,"6,038","5,880","5,886","5,654","5,362","4,287","-1,075",-20.10%,321
Hunts Point Av (6),,Bx,"10,111","10,484","10,651","10,646","10,460","10,510",50,0.50%,154
"Intervale Av (2,5)",,Bx,"3,571","3,472","3,423","3,377","3,130","3,140",10,0.30%,371
"Jackson Av (2,5)",,Bx,"5,631","5,705","5,752","5,766","5,288","5,167",-121,-2.30%,282
Kingsbridge Rd (4),,Bx,"10,231","10,107","9,998","9,783","8,992","8,849",-143,-1.60%,176
"Kingsbridge Rd (B,D)",,Bx,"7,975","8,006","8,144","8,237","7,922","7,957",35,0.40%,192
Longwood Av (6),9,Bx,"3,531","3,482","3,517","3,518","3,395","3,168",-227,-6.70%,367
Middletown Rd (6),10,Bx,"2,273","2,726","2,066","2,102","2,036","2,061",25,1.20%,399
Morris Park (5),,Bx,"2,253","2,319","2,487","2,527","2,417","2,520",103,4.20%,388
Morrison Av-Soundview (6),,Bx,"6,669","6,628","6,755","6,742","6,361","6,341",-20,-0.30%,243
Mosholu Pkwy (4),,Bx,"9,459","9,252","9,135","8,770","8,195","8,074",-121,-1.50%,190
Mt Eden Av (4),,Bx,"5,891","5,817","5,770","5,512","5,337","5,009",-328,-6.10%,287
"Nereid Av (2,5)",,Bx,"3,850","3,817","3,753","3,631","3,437","3,394",-43,-1.20%,354
Norwood-205 St (D),,Bx,"8,466","8,640","8,897","8,751","8,429","8,544",115,1.40%,182
Parkchester (6),,Bx,"17,746","16,572","16,561","16,310","15,660","15,427",-233,-1.50%,94
Pelham Bay Park (6),,Bx,"7,442","7,432","7,213","7,185","7,001","7,020",19,0.30%,219
"Pelham Pkwy (2,5)",,Bx,"9,688","9,774","9,441","9,173","8,472","8,463",-9,-0.10%,187
Pelham Pkwy (5),,Bx,"3,304","3,303","3,332","3,237","3,083","3,225",142,4.60%,364
"Prospect Av (2,5)",,Bx,"7,857","7,908","8,004","7,704","7,038","6,936",-102,-1.50%,221
"Simpson St (2,5)",,Bx,"9,948","9,981","9,680","9,446","8,477","8,257",-220,-2.60%,188
St Lawrence Av (6),,Bx,"4,099","4,185","4,187","4,196","4,040","4,077",37,0.90%,327
"Tremont Av (B,D)",,Bx,"9,727","9,980","10,246","10,055","10,398","9,769",-629,-6.00%,167
Van Cortlandt Park-242 St (1),,Bx,"7,107","7,338","7,431","7,396","7,742","7,330",-412,-5.30%,209
Wakefield-241 St (2),11,Bx,"5,168","5,186","5,213","5,129","4,763","4,538",-225,-4.70%,308
"West Farms Sq-East Tremont Av (2,5)",,Bx,"8,170","8,010","7,848","7,657","6,866","6,741",-125,-1.80%,227
Westchester Sq-East Tremont Av (6),,Bx,"7,351","6,912","6,635","6,479","6,097","6,113",16,0.30%,250
Whitlock Av (6),,Bx,"1,707","1,737","1,830","1,905","1,894","1,907",13,0.70%,403
Woodlawn (4),,Bx,"7,683","7,637","7,623","7,260","6,937","6,680",-257,-3.70%,230
Zerega Av (6),12,Bx,"2,012","1,647","2,629","2,664","2,629","2,676",47,1.80%,381
Brooklyn,,,,,,,,,,,
"15 St-Prospect Park (F,G)",,B,"6,495","6,385","6,342","6,272","6,136","6,324",188,3.10%,244
18 Av (D),,B,"6,326","6,242","6,413","6,196","6,136","6,218",82,1.30%,248
18 Av (F),,B,"4,050","4,458","4,440","4,318","3,947","3,667",-281,-7.10%,344
18 Av (N),13,B,"5,491","5,502","2,266","3,107","3,097","3,681",584,18.90%,342
20 Av (D),,B,"4,930","5,115","5,268","5,009","4,905","5,037",132,2.70%,286
20 Av (N),15,B,"4,277","4,223","1,348","2,139","3,514","3,692",178,5.10%,341
25 Av (D),,B,"4,761","4,886","6,507","5,790","5,083","4,877",-206,-4.10%,291
25 St (R),,B,"3,959","3,847","3,788","4,547","3,755","3,738",-17,-0.50%,337
"36 St (D,N,R)",,B,"12,497","12,810","13,180","13,894","13,493","13,342",-151,-1.10%,116
"4 Av (F,G)/9 St (R)",,B,"12,835","13,126","13,116","13,962","12,560","12,563",3,0.00%,125
45 St (R),,B,"7,208","7,265","7,055","7,877","7,205","7,755",550,7.60%,195
50 St (D),,B,"3,289","3,220","3,336","3,236","3,195","3,246",51,1.60%,360
53 St (R),17,B,"7,512","7,458","7,386","3,788","7,565","8,812","1,247",16.50%,178
55 St (D),,B,"1,981","2,002","2,223","2,106","2,185","2,141",-44,-2.00%,397
"59 St (N,R)",,B,"12,871","13,048","13,144","16,759","12,301","11,240","-1,061",-8.60%,140
"7 Av (B,Q)",,B,"9,495","9,641","9,731","10,270","10,210","10,209",-1,0.00%,155
"7 Av (F,G)",,B,"12,242","12,049","11,897","11,801","11,636","11,880",244,2.10%,131
71 St (D),,B,"4,682","4,802","6,501","5,905","5,607","5,499",-108,-1.90%,272
77 St (R),,B,"5,548","5,608","5,720","6,746","5,612","5,595",-17,-0.30%,268
79 St (D),,B,"6,617","6,755","6,973","6,565","6,177","6,225",48,0.80%,247
8 Av (N),,B,"11,341","11,430","14,201","12,514","11,474","11,608",134,1.20%,135
86 St (N),18,B,"2,622","2,718","1,298","1,534","1,928","2,224",296,15.40%,395
86 St (R),,B,"11,920","11,963","12,078","11,742","11,338","11,233",-105,-0.90%,142
9 Av (D),,B,"6,004","5,856","5,867","5,471","5,344","5,406",62,1.20%,277
Alabama Av (J),,B,"2,448","2,520","2,585","2,424","2,147","2,089",-58,-2.70%,398
Atlantic Av (L),20,B,"1,725","1,384","1,455","1,821","1,842","1,593",-249,-13.50%,411
"Atlantic Av-Barclays Ctr (B,D,N,Q,R,2,3,4,5)",,B,"41,645","42,231","42,711","42,095","43,211","43,498",287,0.70%,19
Avenue H (Q),,B,"2,961","2,994","3,183","3,329","3,418","3,354",-64,-1.90%,356
Avenue I (F),21,B,"2,250","2,235","1,962","1,111","1,096","1,988",892,81.40%,402
Avenue J (Q),,B,"6,060","6,009","6,136","6,154","6,058","5,826",-232,-3.80%,260
Avenue M (Q),,B,"5,903","5,869","6,052","6,094","6,001","5,678",-323,-5.40%,264
Avenue N (F),23,B,"3,419","3,410","3,187","2,217","2,087","2,961",874,41.90%,372
Avenue P (F),25,B,"2,767","2,804","2,688","1,821","1,710","2,463",753,44.00%,391
Avenue U (F),27,B,"2,215","2,439","2,578","1,276","1,042","1,838",796,76.40%,404
Avenue U (N),29,B,"3,857","3,894","1,399","2,285","2,627","3,156",529,20.20%,368
Avenue U (Q),,B,"6,922","6,975","7,384","7,391","7,323","7,262",-61,-0.80%,210
Avenue X (F),31,B,"2,859","1,928","2,424","2,508","2,662","2,530",-132,-5.00%,386
Bay 50 St (D),,B,"2,875","2,872","3,176","2,926","2,674","2,662",-12,-0.40%,382
Bay Pkwy (D),,B,"7,322","7,501","8,069","7,837","7,719","7,723",4,0.10%,196
Bay Pkwy (F),33,B,"1,516","1,491","1,329",729,623,"1,193",570,91.40%,414
Bay Pkwy (N),,B,"7,301","7,164","10,955","9,328","7,261","6,565",-696,-9.60%,236
Bay Ridge Av (R),35,B,"8,283","8,379","8,415","4,173","7,236","7,677",441,6.10%,198
Bay Ridge-95 St (R),,B,"6,051","6,101","6,090","5,969","5,812","5,847",35,0.60%,259
Bedford Av (L),,B,"27,224","27,132","27,486","27,783","26,603","25,158","-1,445",-5.40%,47
Bedford-Nostrand Avs (G),,B,"7,778","8,197","8,487","8,741","8,821","8,866",45,0.50%,175
"Bergen St (2,3)",,B,"3,923","3,823","3,884","3,853","3,653","3,857",204,5.60%,334
"Bergen St (F,G)",,B,"11,570","11,548","11,529","11,306","11,174","11,310",136,1.20%,138
Beverley Rd (Q),36,B,"2,690","2,894","3,059","3,267","3,350","3,410",60,1.80%,353
"Beverly Rd (2,5)",,B,"4,447","4,457","4,464","4,384","4,255","4,277",22,0.50%,322
"Brighton Beach (B,Q)",,B,"12,498","12,794","13,035","12,587","12,065","11,841",-224,-1.90%,132
Broadway (G),,B,"3,500","4,011","4,340","4,452","4,467","4,639",172,3.80%,304
"Broadway Junction (A,C,J,L,Z)",,B,"9,149","9,251","9,189","8,681","8,142","7,813",-329,-4.00%,194
Bushwick Av-Aberdeen St (L),,B,"1,683","1,874","2,105","2,112","2,079","2,015",-64,-3.10%,400
Canarsie-Rockaway Pkwy (L),,B,"13,512","13,481","13,131","12,661","11,947","11,060",-887,-7.40%,146
"Carroll St (F,G)",,B,"11,744","11,923","11,848","11,723","11,562","11,814",252,2.20%,134
Central Av (M),37,B,"3,282","3,715","3,884","1,929","2,393","4,473","2,080",86.90%,311
"Chauncey St (J,Z)",,B,"3,050","3,200","3,360","3,408","3,387","3,246",-141,-4.20%,361
"Church Av (2,5)",,B,"9,852","9,864","9,808","9,512","9,193","9,556",363,3.90%,170
"Church Av (B,Q)",,B,"17,473","17,811","17,482","17,186","16,528","16,251",-277,-1.70%,89
"Church Av (F,G)",38,B,"9,954","10,490","10,151","9,697","9,492","9,395",-97,-1.00%,171
"Clark St (2,3)",,B,"6,083","5,922","5,903","5,635","5,275","5,590",315,6.00%,269
Classon Av (G),,B,"4,601","4,966","4,996","5,106","5,301","5,453",152,2.90%,275
Cleveland St (J),,B,"3,467","3,514","3,483","3,270","2,975","2,935",-40,-1.30%,373
Clinton-Washington Avs (C),,B,"6,719","6,603","6,932","7,130","7,068","7,139",71,1.00%,214
Clinton-Washington Avs (G),,B,"5,178","5,364","5,312","5,083","5,025","5,208",183,3.60%,281
"Coney Island-Stillwell Av (D,F,N,Q)",,B,"13,734","14,073","14,098","13,542","13,203","12,819",-384,-2.90%,122
Cortelyou Rd (Q),39,B,"5,727","6,220","6,332","6,348","6,276","6,319",43,0.70%,245
"Court St (R)/Borough Hall (2,3,4,5)",,B,"38,944","38,559","38,089","36,762","35,599","34,939",-660,-1.90%,27
"Crescent St (J,Z)",,B,"4,925","5,073","5,053","4,842","4,539","4,463",-76,-1.70%,313
"Crown Heights-Utica Av (3,4)",,B,"28,287","28,146","29,069","28,980","25,336","25,331",-5,0.00%,45
Cypress Hills (J),,B,"1,444","1,456","1,501","1,501","1,457","1,474",17,1.20%,412
"DeKalb Av (B,Q,R)",,B,"17,350","17,889","18,774","21,230","22,069","22,000",-69,-0.30%,59
DeKalb Av (L),,B,"11,943","12,158","12,307","13,050","12,638","11,214","-1,424",-11.30%,144
Ditmas Av (F),40,B,"4,622","3,386","3,524","3,849","3,904","3,947",43,1.10%,331
East 105 St (L),,B,"3,911","4,002","4,070","3,999","3,798","3,367",-431,-11.40%,355
"Eastern Pkwy-Brooklyn Museum (2,3)",42,B,"4,889","4,915","4,719","4,592","4,637","4,036",-601,-13.00%,328
"Euclid Av (A,C)",,B,"10,652","11,014","10,870","10,751","10,191","10,119",-72,-0.70%,159
"Flatbush Av-Brooklyn College (2,5)",,B,"21,865","21,666","21,268","20,691","19,763","19,572",-191,-1.00%,73
Flushing Av (G),,B,"2,627","2,819","2,857","2,866","2,949","2,466",-483,-16.40%,390
"Flushing Av (J,M)",,B,"9,258","9,483","9,347","8,952","8,336","8,623",287,3.40%,180
Fort Hamilton Pkwy (D),,B,"4,248","4,260","4,420","4,162","3,936","3,983",47,1.20%,330
"Fort Hamilton Pkwy (F,G)",,B,"5,650","5,783","6,044","5,893","5,807","5,877",70,1.20%,258
Fort Hamilton Pkwy (N),43,B,"7,244","6,964","1,771","3,196","3,232","4,468","1,236",38.30%,312
"Franklin Av (2,3,4,5)/Botanic Garden (S)",,B,"15,787","15,866","15,834","15,269","14,581","15,412",831,5.70%,95
"Franklin Av (C,S)",,B,"6,492","6,468","6,289","6,333","6,358","6,234",-124,-1.90%,246
Fulton St (G),,B,"4,502","4,954","5,096","5,364","5,462","5,416",-46,-0.80%,276
"Gates Av (J,Z)",,B,"6,277","6,521","6,602","7,110","7,255","7,095",-160,-2.20%,215
Graham Av (L),,B,"10,643","10,504","10,483","10,536","9,959","9,346",-613,-6.20%,172
"Grand Army Plaza (2,3)",,B,"7,971","7,731","7,735","7,452","7,188","7,349",161,2.20%,208
Grand St (L),,B,"7,824","7,307","6,977","7,317","6,964","6,409",-555,-8.00%,241
Grant Av (A),,B,"6,475","6,696","7,044","6,318","5,896","5,710",-186,-3.20%,263
Greenpoint Av (G),45,B,"7,819","9,191","9,413","9,648","9,509","10,006",497,5.20%,163
Halsey St (J),,B,"6,174","6,410","6,490","6,616","6,579","6,522",-57,-0.90%,237
Halsey St (L),,B,"7,720","7,932","8,426","8,781","8,386","7,391",-995,-11.90%,205
"Hewes St (J,M)",,B,"2,859","2,992","2,866","2,861","2,782","3,281",499,17.90%,358
"High St (A,C)",,B,"8,174","8,479","8,701","9,215","10,281","10,776",495,4.80%,147
"Hoyt St (2,3)",,B,"7,138","7,342","7,615","7,637","6,938","7,467",529,7.60%,202
"Hoyt-Schermerhorn Sts (A,C,G)",,B,"9,672","9,818","9,894","10,319","10,540","11,238",698,6.60%,141
"Jay St-MetroTech (A,C,F,R)",,B,"41,405","43,456","44,267","43,833","42,274","41,455",-819,-1.90%,22
Jefferson St (L),,B,"7,230","7,565","7,639","7,807","7,674","7,221",-453,-5.90%,212
Junius St (3),46,B,"2,361","3,043","2,230",970,"2,080","2,216",136,6.50%,396
"Kings Hwy (B,Q)",,B,"19,010","19,500","20,094","19,975","19,569","19,745",176,0.90%,71
Kings Hwy (F),,B,"3,616","3,726","4,637","5,186","4,567","3,724",-843,-18.50%,339
Kings Hwy (N),47,B,"5,344","5,482","1,489","2,891","3,328","4,363","1,035",31.10%,317
Kingston Av (3),,B,"5,017","4,999","4,977","4,703","4,623","4,697",74,1.60%,302
Kingston-Throop Avs (C),,B,"5,968","6,210","6,350","6,564","6,585","6,643",58,0.90%,233
Knickerbocker Av (M),49,B,"3,806","4,104","4,228","2,077","2,446","4,522","2,076",84.90%,309
Kosciuszko St (J),,B,"4,761","4,927","5,118","6,143","6,144","5,562",-582,-9.50%,270
Lafayette Av (C),,B,"4,857","4,849","4,888","4,843","4,889","4,928",39,0.80%,290
Liberty Av (C),,B,"2,639","2,780","3,020","2,933","2,754","2,749",-5,-0.20%,378
Livonia Av (L),,B,"3,078","3,269","3,418","3,264","3,209","2,831",-378,-11.80%,377
"Lorimer St (J,M)",,B,"4,836","5,070","5,138","5,161","4,837","5,216",379,7.80%,280
Lorimer St (L)/Metropolitan Av (G),,B,"14,573","15,131","15,082","14,752","14,299","13,985",-314,-2.20%,111
"Marcy Av (J,M,Z)",,B,"12,547","13,276","13,815","13,377","13,315","14,255",940,7.10%,108
Montrose Av (L),,B,"6,961","7,025","7,007","7,021","6,884","6,515",-369,-5.40%,238
Morgan Av (L),,B,"7,298","7,221","7,592","7,769","7,510","6,944",-566,-7.50%,220
"Myrtle Av (J,M,Z)",,B,"11,048","11,424","11,801","13,222","12,122","11,970",-152,-1.30%,130
Myrtle-Willoughby Avs (G),,B,"5,330","5,783","5,889","5,743","5,736","5,919",183,3.20%,254
"Myrtle-Wyckoff Avs (L,M)",,B,"19,203","19,490","19,673","22,434","21,241","18,735","-2,506",-11.80%,75
Nassau Av (G),,B,"8,765","9,066","9,150","9,105","9,312","9,841",529,5.70%,165
Neck Rd (Q),,B,"4,033","4,207","4,354","4,441","4,405","4,401",-4,-0.10%,314
Neptune Av (F),50,B,"1,698","1,807","1,742","1,658","1,516","1,456",-60,-4.00%,413
"Nevins St (2,3,4,5)",,B,"11,752","10,896","10,716","10,699","10,426","10,205",-221,-2.10%,156
New Lots Av (3),,B,"6,626","7,133","6,855","6,087","5,573","5,454",-119,-2.10%,274
New Lots Av (L),,B,"5,005","5,244","5,431","5,290","4,869","4,168",-701,-14.40%,326
New Utrecht Av (N)/62 St (D),51,B,"5,270","5,551","5,602","5,217","4,673","4,736",63,1.30%,299
"Newkirk Av (2,5)",,B,"8,015","8,035","7,840","7,600","7,312","7,182",-130,-1.80%,213
"Newkirk Plaza (B,Q)",,B,"10,707","10,864","10,842","10,728","10,534","10,514",-20,-0.20%,153
"Norwood Av (J,Z)",,B,"3,603","3,639","3,613","3,437","3,190","3,156",-34,-1.10%,369
Nostrand Av (3),,B,"4,268","4,306","4,239","4,066","3,907","4,195",288,7.40%,325
"Nostrand Av (A,C)",,B,"17,062","17,790","18,231","18,035","17,437","17,352",-85,-0.50%,83
Ocean Pkwy (Q),53,B,"3,124","3,203","3,211","3,251","3,199","3,242",43,1.30%,362
Park Pl (S),,B,"1,968","1,922","1,850","1,818","1,725","1,676",-49,-2.80%,408
Parkside Av (Q),54,B,"4,969","5,266","5,524","5,898","6,050","6,173",123,2.00%,249
Pennsylvania Av (3),55,B,"5,718","6,997","2,485","3,503","4,331","4,493",162,3.80%,310
"President St (2,5)",,B,"4,092","4,120","4,114","4,113","4,019","3,558",-461,-11.50%,346
Prospect Av (R),57,B,"5,943","5,896","5,842","3,199","5,523","5,967",444,8.00%,253
"Prospect Park (B,Q,S)",,B,"9,715","10,033","9,995","10,234","10,059","10,152",93,0.90%,158
Ralph Av (C),,B,"5,570","5,796","5,801","5,936","5,768","5,730",-38,-0.70%,261
Rockaway Av (3),58,B,"5,735","1,690","5,122","5,642","4,747","4,780",33,0.70%,296
Rockaway Av (C),,B,"5,223","5,443","5,678","5,715","5,667","5,653",-14,-0.30%,266
Saratoga Av (3),59,B,"5,933","8,148","4,006","5,777","5,246","5,238",-8,-0.20%,279
"Sheepshead Bay (B,Q)",,B,"14,118","14,304","14,477","14,311","13,946","13,908",-38,-0.30%,112
Shepherd Av (C),,B,"3,263","3,370","3,393","3,337","3,182","3,153",-29,-0.90%,370
"Smith-9 Sts (F,G)",,B,"4,762","5,084","4,861","4,714","4,689","4,553",-136,-2.90%,307
"Sterling St (2,5)",,B,"5,783","5,802","5,806","5,795","5,684","5,468",-216,-3.80%,273
Sutter Av (L),,B,"4,675","4,727","4,688","4,471","4,029","3,446",-583,-14.50%,352
Sutter Av-Rutland Rd (3),60,B,"8,084","8,031","6,785","3,449","6,657","6,724",67,1.00%,228
Union St (R),,B,"6,415","6,599","6,512","6,395","6,835","7,375",540,7.90%,207
"Utica Av (A,C)",,B,"15,117","15,674","16,060","16,408","16,121","15,957",-164,-1.00%,90
Van Siclen Av (3),61,B,"3,438",989,"4,194","3,660","2,904","2,833",-71,-2.40%,376
Van Siclen Av (C),,B,"3,050","3,202","3,224","3,259","3,021","2,920",-101,-3.30%,374
"Van Siclen Av (J,Z)",,B,"2,940","3,004","3,067","2,900","2,678","2,614",-64,-2.40%,384
"West 8 St-New York Aquarium (F,Q)",62,B,"2,262","2,397","2,421","2,404","2,469","2,471",2,0.10%,389
Wilson Av (L),63,B,"4,248","4,437","3,812","4,564","4,468","4,292",-176,-3.90%,319
"Winthrop St (2,5)",,B,"7,720","7,541","7,272","7,317","7,262","6,499",-763,-10.50%,239
York St (F),,B,"8,973","9,328","10,246","10,373","11,032","12,638","1,606",14.60%,124
Manhattan,,,,,,,,,,,
1 Av (L),,M,"24,286","23,789","23,195","21,823","20,998","18,393","-2,605",-12.40%,78
103 St (1),,M,"13,318","13,309","13,246","12,818","12,569","12,005",-564,-4.50%,129
103 St (6),64,M,"16,641","13,057","13,994","14,337","13,285","13,218",-67,-0.50%,117
"103 St (B,C)",,M,"4,832","4,800","4,776","4,674","5,444","4,724",-720,-13.20%,301
110 St (6),,M,"12,452","13,409","13,341","11,932","10,851","10,580",-271,-2.50%,150
"116 St (2,3)",,M,"11,787","12,196","12,090","11,553","10,707","10,592",-115,-1.10%,149
116 St (6),,M,"16,674","16,702","16,707","15,899","14,715","14,394",-321,-2.20%,106
"116 St (B,C)",,M,"7,005","7,215","7,417","7,232","7,613","7,249",-364,-4.80%,211
116 St-Columbia University (1),,M,"16,460","16,132","15,861","15,263","15,079","14,777",-302,-2.00%,101
125 St (1),,M,"8,077","7,991","7,794","7,584","7,679","7,599",-80,-1.00%,199
"125 St (2,3)",,M,"15,744","15,986","15,719","15,692","14,746","14,703",-43,-0.30%,103
"125 St (4,5,6)",,M,"30,168","30,277","30,024","29,065","27,605","27,231",-374,-1.40%,38
"125 St (A,B,C,D)",,M,"28,428","29,062","29,423","28,680","27,677","28,267",590,2.10%,36
"135 St (2,3)",,M,"15,335","15,598","15,446","15,023","14,343","13,799",-544,-3.80%,114
"135 St (B,C)",,M,"5,620","5,575","5,785","5,770","5,490","5,657",167,3.00%,265
137 St-City College (1),,M,"14,768","14,798","14,460","14,049","13,371","12,464",-907,-6.80%,126
"14 St (A,C,E)/8 Av (L)",,M,"43,953","45,253","44,680","43,434","44,031","44,370",339,0.80%,18
"14 St (F,M,1,2,3)/6 Av (L)",,M,"49,990","50,335","50,692","48,565","48,508","46,363","-2,145",-4.40%,17
"14 St-Union Sq (L,N,Q,R,W,4,5,6)",,M,"109,472","108,440","106,718","107,141","103,572","101,832","-1,740",-1.70%,4
145 St (1),,M,"10,099","10,112","10,039","9,863","9,433","9,219",-214,-2.30%,173
145 St (3),66,M,"3,631","3,664","3,590","3,540","2,105","3,193","1,088",51.70%,366
"145 St (A,B,C,D)",,M,"23,805","24,307","24,604","23,932","23,047","22,937",-110,-0.50%,57
"155 St (B,D)",,M,"4,022","4,038","4,052","3,804","3,595","3,556",-39,-1.10%,347
155 St (C),,M,"2,586","2,596","2,733","2,715","3,168","2,732",-436,-13.80%,379
157 St (1),,M,"10,822","10,918","10,928","10,802","11,036","12,042","1,006",9.10%,128
163 St-Amsterdam Av (C),67,M,"4,271","4,340","4,513","4,436","1,711","4,289","2,578",150.60%,320
"168 St (A,C,1)",68,M,"25,659","25,845","25,879","25,589","26,138","20,079","-6,059",-23.20%,67
175 St (A),,M,"13,460","13,224","13,377","13,217","12,580","13,144",564,4.50%,118
18 St (1),,M,"8,638","8,800","8,903","8,680","8,860","8,843",-17,-0.20%,177
181 St (1),,M,"11,673","11,850","11,578","11,693","11,342","11,311",-31,-0.30%,137
181 St (A),,M,"10,861","11,237","11,294","10,981","10,760","10,542",-218,-2.00%,152
190 St (A),,M,"4,549","4,683","4,748","4,719","4,574","4,805",231,5.10%,295
191 St (1),,M,"8,580","8,619","8,545","8,419","8,032","7,525",-507,-6.30%,200
2 Av (F),,M,"17,183","17,355","17,059","16,675","15,995","16,703",708,4.40%,86
207 St (1),,M,"6,336","6,514","6,562","6,524","6,349","5,890",-459,-7.20%,256
215 St (1),,M,"2,057","2,012","2,001","1,988","1,787","1,718",-69,-3.90%,407
23 St (1),,M,"15,542","15,451","15,062","14,763","15,470","14,824",-646,-4.20%,100
23 St (6),,M,"31,212","29,972","29,452","28,479","31,597","30,031","-1,566",-5.00%,33
"23 St (C,E)",,M,"25,620","25,731","24,569","24,161","24,397","23,890",-507,-2.10%,51
"23 St (F,M)",69,M,"29,327","30,652","31,078","30,758","18,416","28,776","10,360",56.30%,34
"23 St (R,W)",,M,"24,060","25,973","26,693","25,007","26,381","23,398","-2,983",-11.30%,55
28 St (1),,M,"15,568","15,620","15,253","14,740","14,797","15,083",286,1.90%,97
28 St (6),70,M,"23,856","24,470","24,130","23,081","12,019","19,766","7,747",64.50%,70
"28 St (R,W)",,M,"12,407","13,271","13,680","13,256","14,302","13,144","-1,158",-8.10%,119
3 Av (L),,M,"7,193","7,140","7,179","6,934","6,749","5,725","-1,024",-15.20%,262
33 St (6),,M,"32,863","32,809","32,153","30,040","32,608","30,368","-2,240",-6.90%,32
"34 St-Herald Sq (B,D,F,M,N,Q,R,W)",,M,"125,355","126,776","125,682","127,664","126,576","125,498","-1,078",-0.90%,3
34 St-Hudson Yards (7),,M,,"2,064","8,507","10,082","10,789","18,875","8,086",75.00%,74
"34 St-Penn Station (1,2,3)",,M,"92,693","92,176","90,524","85,585","85,180","84,975",-205,-0.20%,6
"34 St-Penn Station (A,C,E)",,M,"85,634","84,778","82,584","78,904","80,346","82,855","2,509",3.10%,7
"42 St-Bryant Pk (B,D,F,M)/5 Av (7)",,M,"54,289","55,400","57,793","57,395","55,872","58,339","2,467",4.40%,12
"47-50 Sts-Rockefeller Center (B,D,F,M)",,M,"62,693","63,803","62,283","61,478","61,027","63,609","2,582",4.20%,11
"49 St (N,R,W)",,M,"26,546","25,459","27,077","26,519","25,911","23,854","-2,057",-7.90%,52
"5 Av-53 St (E,M)",,M,"26,761","26,955","26,566","25,746","27,612","27,934",322,1.20%,37
"5 Av-59 St (N,R,W)",,M,"19,245","18,957","18,637","16,871","16,638","15,854",-784,-4.70%,91
50 St (1),,M,"27,251","26,927","26,362","25,932","26,268","26,712",444,1.70%,39
"50 St (C,E)",,M,"20,993","20,828","20,921","20,502","19,757","21,223","1,466",7.40%,62
57 St (F),71,M,"15,506","15,725","15,768","15,154","7,638","14,254","6,616",86.60%,109
"57 St-7 Av (N,Q,R,W)",,M,"29,414","29,976","30,311","35,390","37,870","35,078","-2,792",-7.40%,26
"59 St-Columbus Circle (A,B,C,D,1)",,M,"74,572","73,954","73,836","73,105","73,003","72,959",-44,-0.10%,8
66 St-Lincoln Center (1),,M,"24,311","24,631","24,064","22,918","22,890","22,949",59,0.30%,56
68 St-Hunter College (6),,M,"36,208","35,640","35,068","24,456","22,757","23,430",673,3.00%,54
"7 Av (B,D,E)",,M,"16,833","17,356","17,538","17,334","17,947","18,475",528,2.90%,77
"72 St (1,2,3)",,M,"40,639","40,506","40,450","38,957","39,477","38,061","-1,416",-3.60%,24
"72 St (B,C)",72,M,"9,361","9,443","9,448","8,803","4,472","8,651","4,179",93.40%,179
72 St (Q),,M,,,,"28,145","30,253","31,585","1,332",4.40%,30
77 St (6),,M,"37,521","36,797","36,103","27,584","25,369","25,996",627,2.50%,43
79 St (1),,M,"16,987","16,865","16,372","15,698","15,175","14,918",-257,-1.70%,99
"8 St-New York University (R,W)",,M,"17,248","17,902","18,305","16,994","17,192","16,870",-322,-1.90%,85
"81 St-Museum of Natural History (B,C)",,M,"13,935","14,129","14,140","13,313","15,383","13,420","-1,963",-12.80%,115
86 St (1),,M,"20,221","20,145","19,757","18,882","19,325","18,221","-1,104",-5.70%,79
"86 St (4,5,6)",,M,"65,634","65,948","64,793","45,882","43,169","43,282",113,0.30%,20
"86 St (B,C)",73,M,"11,605","11,594","11,809","10,681","6,007","10,652","4,645",77.30%,148
86 St (Q),,M,,,,"23,722","25,455","26,307",852,3.30%,42
"96 St (1,2,3)",,M,"39,254","39,434","38,859","37,043","36,026","35,617",-409,-1.10%,25
96 St (6),,M,"26,529","28,060","26,939","18,983","17,447","17,432",-15,-0.10%,82
"96 St (B,C)",,M,"10,203","10,365","10,425","9,733","9,924","10,059",135,1.40%,161
96 St (Q),,M,,,,"17,150","19,318","19,704",386,2.00%,72
Astor Place (6),,M,"17,803","17,274","16,806","16,377","16,031","17,180","1,149",7.20%,84
"Bowery (J,Z)",,M,"3,015","3,325","3,504","3,715","3,738","3,842",104,2.80%,335
"Bowling Green (4,5)",,M,"34,830","31,556","31,522","29,395","28,646","28,664",18,0.10%,35
"Broad St (J,Z)",,M,"6,525","6,865","7,279","7,130","7,050","7,710",660,9.40%,197
"Broadway-Lafayette St (B,D,F,M)/Bleecker St (6)",,M,"40,148","39,724","39,058","37,986","36,493","38,527","2,034",5.60%,23
"Brooklyn Bridge-City Hall (4,5,6)/Chambers St (J,Z)",,M,"37,160","35,858","34,352","31,804","30,932","30,961",29,0.10%,31
Canal St (1),,M,"6,277","6,275","6,116","5,996","6,410","6,830",420,6.60%,225
"Canal St (A,C,E)",,M,"19,974","20,103","19,660","19,789","20,424","21,206",782,3.80%,63
"Canal St (J,N,Q,R,W,Z,6)",,M,"44,362","44,409","45,030","47,601","47,034","47,629",595,1.30%,16
Cathedral Pkwy-110 St (1),,M,"13,630","13,444","12,926","12,394","12,526","11,826",-700,-5.60%,133
"Cathedral Pkwy-110 St (B,C)",74,M,"7,253","7,490","7,553","7,523","3,785","7,382","3,597",95.00%,206
"Central Park North-110 St (2,3)",,M,"9,559","9,865","9,855","9,233","8,815","8,470",-345,-3.90%,186
"Chambers St (1,2,3)",,M,"23,862","23,997","23,574","22,419","21,303","20,613",-690,-3.20%,65
"Chambers St (A,C)/WTC (E)/Park Pl (2,3)/Cortlandt (R,W)",,M,"61,076","66,165","67,906","70,356","72,396","71,970",-426,-0.60%,9
Christopher St-Sheridan Sq (1),,M,"10,060","9,898","9,792","9,570","9,675","10,089",414,4.30%,160
"City Hall (R,W)",,M,"4,344","6,310","6,766","7,731","6,657","6,050",-607,-9.10%,252
"Delancey St (F)/Essex St (J,M,Z)",,M,"24,154","24,902","25,625","24,993","24,562","26,685","2,123",8.60%,40
Dyckman St (1),,M,"7,112","7,233","7,297","7,231","7,002","6,624",-378,-5.40%,234
Dyckman St (A),,M,"6,687","6,831","6,874","6,739","6,477","6,874",397,6.10%,224
East Broadway (F),,M,"13,720","14,228","14,654","14,365","13,868","13,995",127,0.90%,110
Franklin St (1),,M,"5,867","5,825","5,984","5,809","5,943","5,370",-573,-9.60%,278
"Fulton St (A,C,J,Z,2,3,4,5)",,M,"69,444","74,676","85,440","91,771","92,990","94,607","1,617",1.70%,5
"Grand Central-42 St (S,4,5,6,7)",,M,"157,899","160,294","158,580","154,711","155,345","157,273","1,928",1.20%,2
"Grand St (B,D)",,M,"24,153","24,281","24,649","24,460","23,422","24,323",901,3.80%,49
Harlem-148 St (3),,M,"3,952","4,096","4,017","3,899","4,074","3,707",-367,-9.00%,340
Houston St (1),,M,"15,878","15,286","15,333","15,283","15,698","15,685",-13,-0.10%,92
Inwood-207 St (A),,M,"9,136","9,317","9,350","9,217","8,793","9,615",822,9.30%,169
"Lexington Av (N,R,W)/59 St (4,5,6)",,M,"69,332","68,988","67,684","58,467","55,608","54,907",-701,-1.30%,14
"Lexington Av-53 St (E,M)/51 St (6)",,M,"70,606","70,686","69,750","66,118","64,499","66,260","1,761",2.70%,10
"Lexington Av-63 St (F,Q)",,M,"15,493","16,098","16,988","20,893","21,394","21,574",180,0.80%,60
Marble Hill-225 St (1),,M,"5,766","5,732","5,636","5,473","5,433","5,075",-358,-6.60%,284
"Prince St (R,W)",,M,"15,404","15,597","15,424","14,400","14,408","12,827","-1,581",-11.00%,121
Rector St (1),,M,"10,869","10,625","9,788","9,453","9,005","8,471",-534,-5.90%,185
"Rector St (R,W)",,M,"4,127","6,157","6,524","7,092","7,185","6,926",-259,-3.60%,222
Roosevelt Island (F),,M,"5,998","6,197","6,630","7,354","7,153","7,489",336,4.70%,201
"South Ferry (1)/Whitehall St (R,W)",,M,"23,017","28,809","29,534","33,019","33,797","34,033",236,0.70%,29
Spring St (6),,M,"12,327","11,543","11,390","11,019","10,822","11,230",408,3.80%,143
"Spring St (C,E)",,M,"13,319","12,914","12,775","12,360","13,054","14,756","1,702",13.00%,102
"Times Sq-42 St (N,Q,R,W,S,1,2,3,7)/42 St (A,C,E)",,M,"204,908","206,247","202,363","203,545","204,017","205,159","1,142",0.60%,1
"Wall St (2,3)",,M,"28,075","27,242","27,291","26,022","23,968","24,618",650,2.70%,48
"Wall St (4,5)",,M,"25,619","23,595","22,211","20,420","19,745","19,994",249,1.30%,68
"West 4 St-Washington Sq (A,B,C,D,E,F,M)",,M,"41,968","42,760","42,755","41,835","40,666","41,938","1,272",3.10%,21
WTC Cortlandt (1),75,M,0,0,0,0,"3,558","13,871","10,313",289.90%,113
Queens,,,,,,,,,,,
103 St-Corona Plaza (7),,Q,"19,814","20,044","20,282","20,101","19,682","19,943",261,1.30%,69
104 St (A),76,Q,"1,333","1,890","2,189","1,900","1,841","1,823",-18,-1.00%,405
"104 St (J,Z)",78,Q,"2,659","2,710","2,758","1,727","1,587","2,727","1,140",71.90%,380
111 St (7),,Q,"11,091","11,198","11,421","11,384","11,091","11,280",189,1.70%,139
111 St (A),80,Q,"2,815","2,727","1,947","2,571","2,596","2,620",24,0.90%,383
111 St (J),82,Q,"2,596","2,627","2,607","3,235","2,819","1,169","-1,650",-58.50%,415
"121 St (J,Z)",83,Q,"2,397","2,462","2,500","1,135","1,354","2,341",987,72.90%,393
169 St (F),,Q,"9,106","9,138","9,016","8,671","8,109","8,004",-105,-1.30%,191
21 St (G),85,Q,"1,265","1,564","1,735","1,863","1,757","1,675",-82,-4.70%,409
21 St-Queensbridge (F),,Q,"8,914","9,447","9,779","10,209","10,840","11,184",344,3.20%,145
"30 Av (N,W)",86,Q,"14,897","14,771","14,739","11,381","8,286","17,906","9,620",116.10%,81
33 St-Rawson St (7),,Q,"14,256","13,604","13,302","12,429","11,029","10,574",-455,-4.10%,151
"36 Av (N,W)",87,Q,"7,577","7,447","7,347","5,525","5,073","6,602","1,529",30.10%,235
"36 St (M,R)",,Q,"4,597","4,733","4,776","4,786","5,177","4,725",-452,-8.70%,300
"39 Av-Dutch Kills (N,W)",88,Q,"3,504","3,391","3,207","3,267","2,356","2,555",199,8.50%,385
40 St-Lowery St (7),,Q,"11,211","11,053","11,089","10,624","9,954","10,028",74,0.70%,162
"46 St (M,R)",,Q,"9,608","9,439","9,362","9,049","8,752","8,556",-196,-2.20%,181
46 St-Bliss St (7),,Q,"14,634","14,413","14,335","13,614","12,828","12,702",-126,-1.00%,123
52 St (7),,Q,"6,951","6,888","6,795","6,495","6,001","6,079",78,1.30%,251
"63 Dr-Rego Park (M,R)",,Q,"16,771","16,770","16,868","16,323","15,574","15,567",-7,0.00%,93
"65 St (M,R)",,Q,"3,647","3,762","3,747","3,621","3,601","3,554",-47,-1.30%,348
"67 Av (M,R)",,Q,"9,544","9,548","9,479","9,181","8,774","8,881",107,1.20%,174
69 St (7),,Q,"5,128","4,988","5,072","4,973","4,679","4,818",139,3.00%,294
"74-Broadway (7)/Jackson Hts-Roosevelt Av (E,F,M,R)",,Q,"51,285","51,925","52,296","52,018","51,766","52,159",393,0.80%,15
"75 Av (E,F)",,Q,"3,742","3,756","3,710","3,365","3,455","3,549",94,2.70%,349
"75 St-Elderts Ln (J,Z)",,Q,"3,777","3,837","3,837","3,641","3,464","3,573",109,3.10%,345
80 St (A),89,Q,"4,664","4,445","3,574","4,416","4,316","4,274",-42,-1.00%,323
82 St-Jackson Hts (7),,Q,"15,899","15,711","15,765","15,393","14,626","15,056",430,2.90%,98
85 St-Forest Pkwy (J),,Q,"3,860","3,947","3,968","3,923","3,699","3,669",-30,-0.80%,343
88 St (A),91,Q,"2,065","3,464","3,221","2,965","2,835","2,860",25,0.90%,375
90 St-Elmhurst Av (7),,Q,"16,747","16,814","16,957","16,848","16,253","16,365",112,0.70%,88
Aqueduct Racetrack (A),,Q,1597,1711,1739,1672,1901,"1,594",-307,-16.10%,410
Aqueduct-North Conduit Av (A),,Q,"1,122","1,181","1,125","1,031",921,893,-28,-3.10%,419
"Astoria Blvd (N,W)",93,Q,"12,209","12,344","12,358","13,103","14,425","2,410","-12,015",-83.30%,392
"Astoria-Ditmars Blvd (N,W)",,Q,"17,178","17,181","17,345","16,686","15,663","17,912","2,249",14.40%,80
"Beach 105 St (A,S)",,Q,260,305,289,278,261,243,-18,-6.80%,424
Beach 25 St (A),,Q,1722,1861,1968,1925,1792,"1,720",-72,-4.00%,406
Beach 36 St (A),,Q,872,936,975,962,887,951,64,7.20%,417
Beach 44 St (A),,Q,581,624,676,690,693,699,6,0.90%,420
Beach 60 St (A),,Q,"2,448","2,501","2,507","2,319","2,013","2,008",-5,-0.20%,401
Beach 67 St-Arverne By The Sea (A),,Q,"2,183","2,407","2,493","2,440","2,103","2,252",149,7.10%,394
"Beach 90 St (A,S)",,Q,846,946,939,1110,1097,946,-151,-13.80%,418
"Beach 98 St (A,S)",,Q,563,608,579,531,481,478,-3,-0.70%,422
"Briarwood-Van Wyck Blvd (E,F)",,Q,"4,695","4,876","5,057","5,061","4,913","4,970",57,1.20%,289
"Broad Channel (A,S)",,Q,251,310,313,302,285,313,28,9.90%,423
"Broadway (N,W)",94,Q,"13,515","13,236","12,957","13,242","8,473","10,195","1,722",20.30%,157
"Court Sq (E,G,M,7)",,Q,"22,433","22,717","23,317","23,672","23,995","23,600",-395,-1.60%,53
"Elmhurst Av (M,R)",,Q,"13,568","13,588","13,508","12,967","12,463","12,362",-101,-0.80%,127
Far Rockaway-Mott Av (A),,Q,"4,748","4,989","5,009","4,738","4,435","4,388",-47,-1.10%,315
Flushing-Main St (7),,Q,"60,252","60,226","60,259","58,511","55,669","56,503",834,1.50%,13
Forest Av (M),95,Q,"4,210","4,386","4,429","2,819","3,124","4,235","1,111",35.60%,324
"Forest Hills-71 Av (E,F,M,R)",,Q,"27,784","28,209","28,135","27,760","26,613","26,477",-136,-0.50%,41
Fresh Pond Rd (M),96,Q,"5,677","6,002","6,130","4,223","4,716","5,882","1,166",24.70%,257
"Grand Av-Newtown (M,R)",,Q,"18,413","18,955","19,373","18,754","18,489","18,531",42,0.20%,76
Howard Beach-JFK Airport (A),,Q,"2,835","3,059","3,011","3,292","3,376","3,483",107,3.20%,350
Hunters Point Av (7),,Q,"6,666","6,803","7,292","7,283","7,205","7,039",-166,-2.30%,217
"Jamaica Center-Parsons-Archer (E,J,Z)",,Q,"42,261","42,115","41,603","39,326","36,368","34,419","-1,949",-5.40%,28
Jamaica-179 St (F),,Q,"23,093","23,417","23,121","22,421","21,452","21,353",-99,-0.50%,61
Jamaica-Van Wyck (E),,Q,"5,121","5,092","5,022","4,972","4,717","4,561",-156,-3.30%,306
Junction Blvd (7),,Q,"21,116","21,557","22,051","21,751","21,100","21,149",49,0.20%,64
"Kew Gardens-Union Turnpike (E,F)",,Q,"27,693","27,558","27,085","26,493","25,536","25,235",-301,-1.20%,46
Mets-Willets Point (7),,Q,"4,555","5,244","5,367","5,028","4,606","4,973",367,8.00%,288
Middle Village-Metropolitan Av (M),97,Q,"4,318","4,489","4,530","3,064","3,225","3,726",501,15.50%,338
"Northern Blvd (M,R)",,Q,"7,431","7,428","7,413","7,107","6,904","6,682",-222,-3.20%,229
Ozone Park-Lefferts Blvd (A),,Q,"7,641","7,732","8,023","7,722","7,591","7,434",-157,-2.10%,204
Parsons Blvd (F),,Q,"6,540","6,640","6,644","6,593","6,462","6,654",192,3.00%,231
"Queens Plaza (E,M,R)",,Q,"10,125","10,475","10,652","11,369","12,747","14,298","1,551",12.20%,107
"Queensboro Plaza (N,W,7)",,Q,"11,554","11,786","12,936","13,502","14,517","14,533",16,0.10%,105
Rockaway Blvd (A),98,Q,"8,474","5,690","7,683","7,786","7,534","7,450",-84,-1.10%,203
"Rockaway Park-Beach 116 St (A,S)",,Q,677,747,727,683,696,660,-36,-5.20%,421
Seneca Av (M),100,Q,"2,545","2,726","2,832","1,576","1,818","3,210","1,392",76.60%,365
"Steinway St (M,R)",,Q,"14,870","14,895","14,836","14,867","15,590","14,640",-950,-6.10%,104
Sutphin Blvd (F),,Q,"4,795","4,851","4,652","4,496","4,291","4,328",37,0.90%,318
"Sutphin Blvd-Archer Av-JFK Airport (E,J,Z)",,Q,"23,747","24,349","24,796","23,843","23,388","23,891",503,2.20%,50
Vernon Blvd-Jackson Av (7),,Q,"14,123","14,819","15,910","15,781","15,093","15,151",58,0.40%,96
"Woodhaven Blvd (J,Z)",,Q,"4,796","4,940","4,838","5,104","4,771","4,607",-164,-3.40%,305
"Woodhaven Blvd (M,R)",,Q,"22,156","22,220","22,483","21,879","20,704","20,340",-364,-1.80%,66
Woodside-61 St (7),,Q,"16,807","17,007","17,236","16,945","16,501","16,684",183,1.10%,87
,,,,,,,,,,,
Brooklyn,,,"1,210,086","1,227,391","1,226,715","1,213,998","1,188,606","1,190,461","1,855",0.20%,
Bronx,,,"486,783","488,379","490,877","481,267","451,214","448,301","-2,913",-0.60%,
Manhattan,,,"3,103,039","3,130,437","3,128,188","3,100,902","3,042,005","3,092,234","50,229",1.70%,
Queens,,,"797,420","804,251","809,903","784,312","755,778","762,880","7,102",0.90%,
Systemwide Adjustment,,,223,152,72,366,-17,,17,,
System Total,,,"5,597,551","5,650,610","5,655,755","5,580,845","5,437,586","5,493,875","56,289",1.00%,
,,,,,,,,,,,
"MTA New York City Transit Stations with Temporary Closings from 2014 to 2019 shown in blue; see ""Closures"" worksheet for details.",,,,,,,,,,,
